epoch,time,train/box_loss,train/cls_loss,train/dfl_loss,metrics/precision(B),metrics/recall(B),metrics/mAP50(B),metrics/mAP50-95(B),val/box_loss,val/cls_loss,val/dfl_loss,lr/pg0,lr/pg1,lr/pg2
1,14.1973,0.53619,2.32985,1.12503,0.84568,0.24056,0.47378,0.24422,1.10337,2.50193,2.15843,0.000409091,0.000409091,0.000409091
2,27.6167,0.5258,1.57214,1.08973,0.69108,0.43801,0.50297,0.29471,1.00098,2.28239,2.12415,0.000621383,0.000621383,0.000621383
3,41.3951,0.52837,1.49218,1.0827,0.80792,0.49588,0.51119,0.32407,1.03065,1.92604,1.90439,0.000627424,0.000627424,0.000627424
4,55.0856,0.48687,1.31246,1.06465,0.8815,0.55806,0.68456,0.56163,0.65818,1.32961,1.42165,0.000321875,0.000321875,0.000321875
